{"cameraMode":{"drawMode":0,"name":"Shaded","section":"Shading Mode"},"sceneLighting":false,"audioPlay":false,"sceneViewState":{"showFog":true,"showMaterialUpdate":true,"showSkybox":false,"showFlares":true,"showImageEffects":true,"showParticleSystems":true},"in2DMode":false,"pivot":{"x":2.3199996948242189,"y":0.5699996948242188,"z":-10.15999984741211},"rotation":{"x":0.3277139365673065,"y":-0.6656247973442078,"z":0.5282232165336609,"w":0.41296347975730898},"size":233.39035034179688,"orthographic":false}