{"cameraMode":{"drawMode":0,"name":"Shaded","section":"Shading Mode"},"sceneLighting":false,"audioPlay":false,"sceneViewState":{"showFog":true,"showMaterialUpdate":true,"showSkybox":true,"showFlares":true,"showImageEffects":true,"showParticleSystems":true},"in2DMode":false,"pivot":{"x":1.8440909385681153,"y":-0.5386667251586914,"z":-10.099788665771485},"rotation":{"x":0.3277139365673065,"y":-0.6656247973442078,"z":0.5282232165336609,"w":0.41296347975730898},"size":9.889105796813965,"orthographic":false}