{"cameraMode":{"drawMode":0,"name":"Shaded","section":"Shading Mode"},"sceneLighting":false,"audioPlay":false,"sceneViewState":{"showFog":true,"showMaterialUpdate":true,"showSkybox":true,"showFlares":true,"showImageEffects":true,"showParticleSystems":true},"in2DMode":false,"pivot":{"x":-17.440338134765626,"y":-2.2241592407226564,"z":30.86020851135254},"rotation":{"x":-0.13189738988876344,"y":0.800470232963562,"z":-0.19106733798980714,"w":-0.5525800585746765},"size":130.6483154296875,"orthographic":false}