{"cameraMode":{"drawMode":0,"name":"Shaded","section":"Shading Mode"},"sceneLighting":false,"audioPlay":false,"sceneViewState":{"showFog":true,"showMaterialUpdate":true,"showSkybox":true,"showFlares":true,"showImageEffects":true,"showParticleSystems":true},"in2DMode":false,"pivot":{"x":116.53054809570313,"y":105.38204193115235,"z":100.2706298828125},"rotation":{"x":-0.01099787000566721,"y":0.9864566326141357,"z":-0.07443046569824219,"w":-0.14575929939746858},"size":404.15032958984377,"orthographic":false}