{"cameraMode":{"drawMode":0,"name":"Shaded","section":"Shading Mode"},"sceneLighting":true,"audioPlay":false,"sceneViewState":{"showFog":true,"showMaterialUpdate":false,"showSkybox":true,"showFlares":true,"showImageEffects":true,"showParticleSystems":true},"in2DMode":false,"pivot":{"x":0.0059814453125,"y":10.054191589355469,"z":0.13561081886291505},"rotation":{"x":0.0246618390083313,"y":-0.356362909078598,"z":0.009407326579093933,"w":0.9339872598648071},"size":2.8201780319213869,"orthographic":true}