{"cameraMode":{"drawMode":0,"name":"Shaded","section":"Shading Mode"},"sceneLighting":false,"audioPlay":false,"sceneViewState":{"showFog":true,"showMaterialUpdate":false,"showSkybox":false,"showFlares":true,"showImageEffects":true,"showParticleSystems":true},"in2DMode":false,"pivot":{"x":6.352993011474609,"y":0.304657518863678,"z":-0.0885901227593422},"rotation":{"x":0.0025863933842629196,"y":0.7486456632614136,"z":-0.0029159707482904197,"w":0.6629942655563355},"size":3.5700418949127199,"orthographic":true}