{"cameraMode":{"drawMode":0,"name":"Shaded","section":"Shading Mode"},"sceneLighting":true,"audioPlay":false,"sceneViewState":{"showFog":true,"showMaterialUpdate":false,"showSkybox":true,"showFlares":true,"showImageEffects":true,"showParticleSystems":true},"in2DMode":false,"pivot":{"x":0.08319176733493805,"y":2.6821365356445314,"z":-4.67431640625},"rotation":{"x":-0.12020668387413025,"y":0.7319109439849854,"z":-0.1338672786951065,"w":-0.6572495698928833},"size":10.01049518585205,"orthographic":true}