{"cameraMode":{"drawMode":0,"name":"Shaded","section":"Shading Mode"},"sceneLighting":true,"audioPlay":false,"sceneViewState":{"showFog":true,"showMaterialUpdate":false,"showSkybox":true,"showFlares":true,"showImageEffects":true,"showParticleSystems":true},"in2DMode":false,"pivot":{"x":4.927787780761719,"y":6.873957633972168,"z":-6.61090087890625},"rotation":{"x":0.08506587147712708,"y":0.8915165066719055,"z":-0.1880626380443573,"w":0.40326738357543948},"size":21.73404884338379,"orthographic":true}