{"cameraMode":{"drawMode":0,"name":"Shaded","section":"Shading Mode"},"sceneLighting":false,"audioPlay":false,"sceneViewState":{"showFog":true,"showMaterialUpdate":false,"showSkybox":false,"showFlares":true,"showImageEffects":true,"showParticleSystems":true},"in2DMode":false,"pivot":{"x":-5.750863552093506,"y":9.54734992980957,"z":1.7142479419708253},"rotation":{"x":0.08506587147712708,"y":0.8915165066719055,"z":-0.1880626380443573,"w":0.40326738357543948},"size":20.812898635864259,"orthographic":true}