{"cameraMode":{"drawMode":0,"name":"Shaded","section":"Shading Mode"},"sceneLighting":true,"audioPlay":false,"sceneViewState":{"showFog":true,"showMaterialUpdate":false,"showSkybox":true,"showFlares":true,"showImageEffects":true,"showParticleSystems":true},"in2DMode":false,"pivot":{"x":0.0,"y":1.7959345579147339,"z":0.6303274631500244},"rotation":{"x":0.012044031172990799,"y":0.9774917364120483,"z":-0.05812935158610344,"w":0.20252367854118348},"size":7.1676812171936039,"orthographic":true}